{
    "Linear Regression": {
        "metrics": {
            "RMSE": 4.0855658253421277e-14,
            "MAE": 3.1789210547750454e-14,
            "R2": 1.0,
            "MAPE": 1.434121318021326e-14,
            "Directional_Accuracy": 100.0,
            "Max_Error": 1.1368683772161603e-13
        },
        "training_time": 0.015520334243774414
    },
    "Random Forest": {
        "metrics": {
            "RMSE": 5.609028266661001,
            "MAE": 3.1644830671827977,
            "R2": 0.9411907150670693,
            "MAPE": 1.3449385532548173,
            "Directional_Accuracy": 81.9047619047619,
            "Max_Error": 21.299214938935762
        },
        "training_time": 0.5952963829040527
    },
    "LSTM": {
        "metrics": {
            "RMSE": 7.040006796037743,
            "MAE": 5.849919906515156,
            "R2": 0.9218607665625415,
            "MAPE": 2.6065433225143892,
            "Directional_Accuracy": 47.333333333333336,
            "Max_Error": 18.284896850585938
        },
        "training_time": 58.95873713493347
    },
    "timestamp": "2025-11-20 23:44:14"
}