{
    "Linear Regression": {
        "metrics": {
            "RMSE": 5.1927756153982474e-14,
            "MAE": 4.3444612986474694e-14,
            "R2": 1.0,
            "MAPE": 1.9800783836138194e-14,
            "Directional_Accuracy": 100.0,
            "Max_Error": 1.1368683772161603e-13
        },
        "training_time": 0.005600452423095703
    },
    "Random Forest": {
        "metrics": {
            "RMSE": 4.283406397626156,
            "MAE": 2.0899000003496786,
            "R2": 0.9431899098585562,
            "MAPE": 0.9077818450236548,
            "Directional_Accuracy": 87.5598086124402,
            "Max_Error": 23.55028533867292
        },
        "training_time": 0.7297172546386719
    },
    "LSTM": {
        "metrics": {
            "RMSE": 6.624215180174416,
            "MAE": 4.582474466959634,
            "R2": 0.8253073608906164,
            "MAPE": 2.0927015008505663,
            "Directional_Accuracy": 51.006711409395976,
            "Max_Error": 29.305404663085938
        },
        "training_time": 91.33844137191772
    },
    "timestamp": "2025-11-20 23:49:14"
}