{
    "Linear Regression": {
        "metrics": {
            "RMSE": 7.807156743337502e-14,
            "MAE": 6.541072840203028e-14,
            "R2": 1.0,
            "MAPE": 3.1326695222732617e-14,
            "Directional_Accuracy": 100.0,
            "Max_Error": 2.2737367544323206e-13
        },
        "training_time": 0.005646944046020508
    },
    "Random Forest": {
        "metrics": {
            "RMSE": 32.79694597648592,
            "MAE": 17.067857657865,
            "R2": 0.29353772866853844,
            "MAPE": 6.666217142576144,
            "Directional_Accuracy": 82.6923076923077,
            "Max_Error": 95.87382979335479
        },
        "training_time": 0.7961423397064209
    },
    "LSTM": {
        "metrics": {
            "RMSE": 15.491251094613185,
            "MAE": 10.618398986406774,
            "R2": 0.8612503389075545,
            "MAPE": 4.4859923899824725,
            "Directional_Accuracy": 47.97297297297297,
            "Max_Error": 41.87675476074219
        },
        "training_time": 44.831958293914795
    },
    "timestamp": "2025-11-20 23:45:34"
}