{
    "Linear Regression": {
        "metrics": {
            "RMSE": 3.3319579439385356e-13,
            "MAE": 3.0434347227389556e-13,
            "R2": 1.0,
            "MAPE": 6.350479950079911e-14,
            "Directional_Accuracy": 100.0,
            "Max_Error": 5.684341886080801e-13
        },
        "training_time": 0.005584001541137695
    },
    "Random Forest": {
        "metrics": {
            "RMSE": 39.06534970427932,
            "MAE": 28.76952138384794,
            "R2": 0.48187700939934885,
            "MAPE": 5.682647310622724,
            "Directional_Accuracy": 72.59615384615384,
            "Max_Error": 85.09582236144928
        },
        "training_time": 0.7334988117218018
    },
    "LSTM": {
        "metrics": {
            "RMSE": 19.67929228046235,
            "MAE": 17.413078973757358,
            "R2": 0.7123460487705409,
            "MAPE": 3.564030545290354,
            "Directional_Accuracy": 58.78378378378378,
            "Max_Error": 39.72967529296875
        },
        "training_time": 45.47500514984131
    },
    "timestamp": "2025-11-20 23:46:43"
}