{
    "Linear Regression": {
        "metrics": {
            "RMSE": 7.310577351105425e-14,
            "MAE": 5.334121769876771e-14,
            "R2": 1.0,
            "MAPE": 1.6088096159734863e-14,
            "Directional_Accuracy": 100.0,
            "Max_Error": 2.2737367544323206e-13
        },
        "training_time": 0.007718324661254883
    },
    "Random Forest": {
        "metrics": {
            "RMSE": 1.932307975606511,
            "MAE": 1.133155870720741,
            "R2": 0.9991044943871231,
            "MAPE": 0.2906909168962131,
            "Directional_Accuracy": 97.14285714285714,
            "Max_Error": 9.750648687332557
        },
        "training_time": 0.7881741523742676
    },
    "LSTM": {
        "metrics": {
            "RMSE": 31.662135460201245,
            "MAE": 24.622746953901075,
            "R2": 0.7208832890443493,
            "MAPE": 6.539304572549379,
            "Directional_Accuracy": 47.333333333333336,
            "Max_Error": 82.01226806640625
        },
        "training_time": 24.743560552597046
    },
    "timestamp": "2025-11-20 23:47:23"
}